{"name":"appendTo","type":"method","title":".appendTo()","desc":"Insert every element in the set of matched elements to the end of the target.","categories":["manipulation/dom-insertion-inside","version/1.0"],"entries":[{"return":"jQuery","signatures":{"added":"1.0","argument":{"desc":"A selector, element, HTML string, or jQuery object; the matched set of elements will be inserted at the end of the element(s) specified by this parameter.","name":"target","type":"Selector, Element, jQuery"}},"examples":{"desc":"Appends all spans to the element with the ID \"foo\"","code":"$(\"span\").appendTo(\"#foo\"); // check append() examples","css":"#foo { background:yellow; }","html":"<span>I have nothing more to say... </span>\n\n  <div id=\"foo\">FOO! </div>"},"longdesc":"\n    <p>The <code><a href=\"/append\">.append()</a></code> and <code>.appendTo()</code> methods perform the same task. The major difference is in the syntax-specifically, in the placement of the content and target. With<code> .append()</code>, the selector expression preceding the method is the container into which the content is inserted. With <code>.appendTo()</code>, on the other hand, the content precedes the method, either as a selector expression or as markup created on the fly, and it is inserted into the target container.</p>\n    <p>Consider the following HTML:</p>\n    <pre><code>&lt;h2&gt;Greetings&lt;/h2&gt;\n&lt;div class=\"container\"&gt;\n  &lt;div class=\"inner\"&gt;Hello&lt;/div&gt;\n  &lt;div class=\"inner\"&gt;Goodbye&lt;/div&gt;\n&lt;/div&gt;\n</code></pre>\n    <p>We can create content and insert it into several elements at once:</p>\n    <pre><code>$('&lt;p&gt;Test&lt;/p&gt;').appendTo('.inner');\n</code></pre>\n    <p>Each inner <code>&lt;div&gt;</code> element gets this new content:</p>\n    <pre><code>&lt;h2&gt;Greetings&lt;/h2&gt;\n&lt;div class=\"container\"&gt;\n  &lt;div class=\"inner\"&gt;\n    Hello\n    &lt;p&gt;Test&lt;/p&gt;\n  &lt;/div&gt;\n  &lt;div class=\"inner\"&gt;\n    Goodbye\n    &lt;p&gt;Test&lt;/p&gt;\n  &lt;/div&gt;\n&lt;/div&gt;\n</code></pre>\n    <p>We can also select an element on the page and insert it into another:</p>\n    <pre><code>$('h2').appendTo($('.container'));\n</code></pre>\n    <p>If an element selected this way is inserted into a single location elsewhere in the DOM, it will be moved into the target (not cloned):</p>\n    <pre><code>&lt;div class=\"container\"&gt;\n  &lt;div class=\"inner\"&gt;Hello&lt;/div&gt;\n  &lt;div class=\"inner\"&gt;Goodbye&lt;/div&gt;\n  &lt;h2&gt;Greetings&lt;/h2&gt;\n&lt;/div&gt;\n</code></pre>\n    <p>If there is more than one target element, however, cloned copies of the inserted element will be created for each target after the first, and that new set (the original element plus clones) is returned.</p>\n  "}]}