{"name":"attributeEndsWith","type":"selector","title":"Attribute Ends With Selector [name$=\"value\"]","desc":"Selects elements that have the specified attribute with a value ending exactly with a given string. The comparison is case sensitive.","categories":["selectors/attribute-selectors","version/1.0"],"entries":[{"return":"","signatures":{"added":"1.0","argument":[{"desc":"An attribute name.","name":"attribute","type":"String"},{"desc":"An attribute value. Can be either an unquoted single word or a quoted string.","name":"value","type":"String"}]},"examples":{"desc":"Finds all inputs with an attribute name that ends with 'letter' and puts text in them.","code":"$('input[name$=\"letter\"]').val('a letter');","html":"<input name=\"newsletter\" />\n\n  <input name=\"milkman\" />\n  <input name=\"jobletter\" />"},"longdesc":""}],"slug":"attribute-ends-with-selector"}