{"name":"callbacks.locked","type":"method","title":"callbacks.locked()","desc":"Determine if the callbacks list has been locked.","categories":["callbacks-object","version/1.7"],"entries":[{"return":"Boolean","signatures":{"added":"1.7"},"examples":{"desc":"Use <code>callbacks.locked()</code> to determine the lock-state of a callback list:","code":"// a sample logging function to be added to a callbacks list\nvar foo = function( value ) {\n  console.log( \"foo: \" + value);\n};\n\nvar callbacks = $.Callbacks();\n\n// add the logging function to the callback list\ncallbacks.add( foo );\n\n// fire the items on the list, passing an argument\ncallbacks.fire( \"hello\" );\n// outputs \"foo: hello\"\n\n// lock the callbacks list\ncallbacks.lock();\n\n// test the lock-state of the list\nconsole.log ( callbacks.locked() );\n// true\n"},"longdesc":""}]}