{"name":"callbacks.disable","type":"method","title":"callbacks.disable()","desc":"Disable a callback list from doing anything more.","categories":["callbacks-object","version/1.7"],"entries":[{"return":"Callbacks","signatures":{"added":"1.7"},"examples":null,"longdesc":"\n    <p>This method returns the Callbacks object onto which it is attached (<code>this</code>). </p>\n    <h2 id=\"example-1\">Example</h2>\n    <p>Use <code>callbacks.disable()</code> to disable further calls to a callback list:</p>\n    <pre><code><![CDATA[// a sample logging function to be added to a callbacks list\nvar foo = function( value ) {\n  console.log( value );\n};\n\nvar callbacks = $.Callbacks();\n\n// add the above function to the list\ncallbacks.add( foo );\n\n// fire the items on the list\ncallbacks.fire( \"foo\" );\n// outputs: foo\n\n// disable further calls being possible\ncallbacks.disable();\n\n// attempt to fire with \"foobar\" as an argument\ncallbacks.fire( \"foobar\" );\n// foobar isn't output\n]]></code></pre>\n  "}]}