{"name":"callbacks.fired","type":"method","title":"callbacks.fired()","desc":"Determine if the callbacks have already been called at least once.","categories":["callbacks-object","version/1.7"],"entries":[{"return":"Boolean","signatures":{"added":"1.7"},"examples":null,"longdesc":"\n    <h2 id=\"example-1\">Example</h2>\n    <p>Use <code>callbacks.fired()</code> to determine if the callbacks in a list have been called at least once:</p>\n    <pre><code><![CDATA[// a sample logging function to be added to a callbacks list\nvar foo = function( value ) {\n  console.log( \"foo:\" + value );\n};\n\nvar callbacks = $.Callbacks();\n\n// add the function \"foo\" to the list\ncallbacks.add( foo );\n\n// fire the items on the list\ncallbacks.fire( \"hello\" ); // outputs: \"foo: hello\"\ncallbacks.fire( \"world\" ); // outputs: \"foo: world\"\n\n// test to establish if the callbacks have been called\nconsole.log( callbacks.fired() );\n]]></code></pre>\n  "}]}