{"name":"callbacks.locked","type":"method","title":"callbacks.locked()","desc":"Determine if the callbacks list has been disabled.","categories":["callbacks-object","version/1.7"],"entries":[{"return":"Boolean","signatures":{"added":"1.7"},"examples":{"desc":"Use <code>callbacks.disabled()</code> to determine if the callbacks list has been disabled:","code":"// a sample logging function to be added to a callbacks list\n  var foo = function( value ) {\n    console.log( \"foo:\" + value );\n  };\n\n  var callbacks = $.Callbacks();\n\n  // add the logging function to the callback list\n  callbacks.add( foo );\n\n  // fire the items on the list, passing an argument\n  callbacks.fire( \"hello\" );\n  // outputs \"foo: hello\"\n\n  // disable the callbacks list\n  callbacks.disable();\n\n  // test the disabled state of the list\n  console.log ( callbacks.disabled() );\n  // outputs: true\n  "},"longdesc":""}],"slug":"callbacks.disabled"}