{"name":"checkbox","type":"selector","title":":checkbox Selector","desc":"Selects all elements of type checkbox.","categories":["selectors/form-selectors","selectors/jquery-selector-extensions","version/1.0"],"entries":[{"return":"","signatures":{"added":"1.0"},"examples":{"desc":"Finds all checkbox inputs.","code":"\n\n    var input = $(\"form input:checkbox\").wrap('<span></span>').parent().css({background:\"yellow\", border:\"3px red solid\"});\n    $(\"div\").text(\"For this type jQuery found \" + input.length + \".\")\n            .css(\"color\", \"red\");\n    $(\"form\").submit(function () { return false; }); // so it won't submit\n\n","css":"\n  textarea { height:25px; }\n  ","html":"<form>\n    <input type=\"button\" value=\"Input Button\"/>\n    <input type=\"checkbox\" />\n\n    <input type=\"checkbox\" />\n    <input type=\"file\" />\n    <input type=\"hidden\" />\n\n    <input type=\"image\" />\n    <input type=\"password\" />\n    <input type=\"radio\" />\n\n    <input type=\"reset\" />\n    <input type=\"submit\" />\n    <input type=\"text\" />\n\n    <select><option>Option<option/></select>\n    <textarea></textarea>\n    <button>Button</button>\n  </form>\n\n  <div>\n  </div>"},"longdesc":"\n    <p><code>$(':checkbox')</code> is equivalent to <code>$('[type=checkbox]')</code>. As with other pseudo-class selectors (those that begin with a \":\") it is recommended to precede it with a tag name or some other selector; otherwise, the universal selector (\"*\") is implied. In other words, the bare <code>$(':checkbox')</code> is equivalent to <code>$('*:checkbox')</code>, so <code>$('input:checkbox')</code> should be used instead. </p>\n  "}],"slug":"checkbox-selector"}