{"name":"checked","type":"selector","title":":checked Selector","desc":"Matches all elements that are checked.","categories":["selectors/form-selectors","version/1.0"],"entries":[{"return":"","signatures":{"added":"1.0"},"examples":[{"desc":"Finds all input elements that are checked.","code":"\nfunction countChecked() {\n  var n = $(\"input:checked\").length;\n  $(\"div\").text(n + (n === 1 ? \" is\" : \" are\") + \" checked!\");\n}\ncountChecked();\n$(\":checkbox\").click(countChecked);\n","css":"\n  div { color:red; }\n  ","html":"\n<form>\n  <p>\n    <input type=\"checkbox\" name=\"newsletter\" checked=\"checked\" value=\"Hourly\" />\n\n    <input type=\"checkbox\" name=\"newsletter\" value=\"Daily\" />\n    <input type=\"checkbox\" name=\"newsletter\" value=\"Weekly\" />\n\n    <input type=\"checkbox\" name=\"newsletter\" checked=\"checked\" value=\"Monthly\" />\n    <input type=\"checkbox\" name=\"newsletter\" value=\"Yearly\" />\n  </p>\n</form>\n<div></div>\n"},{"code":"\n$(\"input\").click(function() {\n  $(\"#log\").html( $(\":checked\").val() + \" is checked!\" );\n});\n","css":"\ninput, label { line-height: 1.5em; }\n","html":"\n<form>\n  <div>\n    <input type=\"radio\" name=\"fruit\" value=\"orange\" id=\"orange\">\n    <label for=\"orange\">orange</label>\n  </div>\n  <div>\n    <input type=\"radio\" name=\"fruit\" value=\"apple\" id=\"apple\">\n    <label for=\"apple\">apple</label>\n  </div>\n  <div>\n    <input type=\"radio\" name=\"fruit\" value=\"banana\" id=\"banana\">\n    <label for=\"banana\">banana</label>\n  </div>\n  <div id=\"log\"></div>\n</form>\n"}],"longdesc":"\n    <p>The <code>:checked</code> selector works for checkboxes and radio buttons. For select elements, use the <code>:selected</code> selector.</p>\n  "}],"slug":"checked-selector"}