{"name":"class","type":"selector","title":"Class Selector (\".class\")","desc":"Selects all elements with the given class. ","categories":["selectors/basic-css-selectors","version/1.0"],"entries":[{"return":"","signatures":{"added":"1.0","argument":{"desc":"A class to search for. An element can have multiple classes; only one of them must match.","name":"class","type":"String"}},"examples":[{"desc":"Finds the element with the class \"myClass\".","code":"$(\".myClass\").css(\"border\",\"3px solid red\");","html":"<div class=\"notMe\">div class=\"notMe\"</div>\n\n  <div class=\"myClass\">div class=\"myClass\"</div>\n  <span class=\"myClass\">span class=\"myClass\"</span>","css":"\n  div,span {\n    width: 100px;\n    height: 40px;\n    float:left;\n    padding: 10px;\n    margin: 10px;\n    background-color: #EEEEEE;\n  }\n  "},{"desc":"Finds the element with both \"myclass\" and \"otherclass\" classes.","code":"$(\".myclass.otherclass\").css(\"border\",\"13px solid red\");","html":"<div class=\"myclass\">div class=\"notMe\"</div>\n\n  <div class=\"myclass otherclass\">div class=\"myClass\"</div>\n  <span class=\"myclass otherclass\">span class=\"myClass\"</span>","css":"\n  div,span {\n    width: 100px;\n    height: 40px;\n    float:left;\n    padding: 10px;\n    margin: 10px;\n    background-color: #EEEEEE;\n  }\n  "}],"longdesc":"\n    <p>For class selectors, jQuery uses JavaScript's native <code>getElementsByClassName()</code> function if the browser supports it.</p>\n  "}],"slug":"class-selector"}