{"name":"die","type":"method","title":".die()","desc":"Remove event handlers previously attached using <code>.live()</code> from the elements.","categories":["events/event-handler-attachment","version/1.3","version/1.4.1","version/1.4.3","events/event-handler-attachment","version/1.3","version/1.4.1","version/1.4.3"],"entries":[{"return":"jQuery","signatures":[{"added":"1.4.1"},{"added":"1.3","argument":[{"desc":"A string containing a JavaScript event type, such as <code>click</code> or <code>keydown</code>.","name":"eventType","type":"String"},{"desc":"The function that is no longer to be executed.","name":"handler","optional":"true","type":"String"}]},{"added":"1.4.3","argument":{"desc":"A plain object of one or more event types, such as <code>click</code> or <code>keydown</code> and their corresponding functions that are no longer to be executed.","name":"events","type":"PlainObject"}}],"examples":[{"desc":"Can bind and unbind events to the colored button.","code":"\nfunction aClick() {\n  $(\"div\").show().fadeOut(\"slow\");\n}\n$(\"#bind\").click(function () {\n$(\"#theone\").live(\"click\", aClick)\n            .text(\"Can Click!\");\n});\n$(\"#unbind\").click(function () {\n$(\"#theone\").die(\"click\", aClick)\n            .text(\"Does nothing...\");\n});\n\n","css":"\nbutton { margin:5px; }\nbutton#theone { color:red; background:yellow; }\n","html":"<button id=\"theone\">Does nothing...</button>\n<button id=\"bind\">Bind Click</button>\n<button id=\"unbind\">Unbind Click</button>\n\n<div style=\"display:none;\">Click!</div>"},{"desc":"To unbind all live events from all paragraphs, write:","code":"$(\"p\").die()"},{"desc":"To unbind all live click events from all paragraphs, write:","code":"$(\"p\").die( \"click\" )"},{"desc":"To unbind just one previously bound handler, pass the function in as the second argument:","code":"var foo = function () {\n  // code to handle some kind of event\n};\n\n$(\"p\").live(\"click\", foo); // ... now foo will be called when paragraphs are clicked ...\n\n$(\"p\").die(\"click\", foo); // ... foo will no longer be called."}],"longdesc":"\n    <p>Any handler that has been attached with <code>.live()</code> can be removed with <code>.die()</code>. This method is analogous to calling <code>.unbind()</code> with no arguments, which is used to remove all handlers attached with <code>.bind()</code>.\n  See the discussions of <code>.live()</code> and <code>.unbind()</code> for further details.</p>\n    <p>If used without an argument, .die() removes <em>all</em> event handlers previously attached using <code>.live()</code> from the elements.</p>\n    <p><strong>As of jQuery 1.7</strong>, use of <code>.die()</code> (and its complementary method, <code>.live()</code>) is not recommended. Instead, use <a href=\"http://api.jquery.com/off/\"><code>.off()</code></a> to remove event handlers bound with <a href=\"http://api.jquery.com/on/\"><code>.on()</code></a></p>\n    <p><strong>Note:</strong> In order for .die() to function correctly, the selector used with it must match exactly the selector initially used with .live().</p>\n  "}]}