{"name":"event.result","type":"property","title":"event.result","desc":"The last value returned by an event handler that was triggered by this event, unless the value was <code>undefined</code>.","categories":["events/event-object","version/1.3"],"entries":[{"return":"Object","signatures":{"added":"1.3"},"examples":{"desc":"Display previous handler's return value","code":"\n$(\"button\").click(function(event) {\n  return \"hey\";\n});\n$(\"button\").click(function(event) {\n  $(\"p\").html( event.result );\n});\n","html":"\n<button>display event.result</button>\n<p></p>\n"},"longdesc":"\n    <p>This property can be useful for getting previous return values of custom events. </p>\n  "}]}