{"name":"fadeIn","type":"method","title":".fadeIn()","desc":"Display the matched elements by fading them to opaque.","categories":["effects/fading","version/1.0","version/1.4.3"],"entries":[{"return":"jQuery","signatures":[{"added":"1.0","xi:include":[{"href":"../includes/duration-argument.xml","xmlns:xi":"http://www.w3.org/2003/XInclude"},{"href":"../includes/complete-argument.xml","xmlns:xi":"http://www.w3.org/2003/XInclude"}]},{"added":"1.0","xi:include":{"href":"../includes/options-argument.xml","xmlns:xi":"http://www.w3.org/2003/XInclude"}},{"added":"1.4.3","xi:include":[{"href":"../includes/duration-argument.xml","xmlns:xi":"http://www.w3.org/2003/XInclude"},{"href":"../includes/easing-argument.xml","xmlns:xi":"http://www.w3.org/2003/XInclude"},{"href":"../includes/complete-argument.xml","xmlns:xi":"http://www.w3.org/2003/XInclude"}]}],"examples":[{"desc":"Animates hidden divs to fade in one by one, completing each animation within 600 milliseconds.","code":"\n$(document.body).click(function () {\n  $(\"div:hidden:first\").fadeIn(\"slow\");\n});\n    ","css":"\nspan { color:red; cursor:pointer; }\ndiv { margin:3px; width:80px; display:none;\n  height:80px; float:left; }\n  div#one { background:#f00; }\n  div#two { background:#0f0; }\n  div#three { background:#00f; }\n","html":"<span>Click here...</span>\n\n    <div id=\"one\"></div>\n    <div id=\"two\"></div>\n    <div id=\"three\"></div>"},{"desc":"Fades a red block in over the text. Once the animation is done, it quickly fades in more text on top.","code":"\n$(\"a\").click(function () {\n  $(\"div\").fadeIn(3000, function () {\n    $(\"span\").fadeIn(100);\n  });\n  return false;\n});\n","css":"\n    p { position:relative; width:400px; height:90px; }\n    div { position:absolute; width:400px; height:65px;\n      font-size:36px; text-align:center;\n      color:yellow; background:red;\n      padding-top:25px;\n      top:0; left:0; display:none; }\n      span { display:none; }\n    ","html":"<p>\n      Let it be known that the party of the first part\n      and the party of the second part are henceforth\n      and hereto directed to assess the allegations\n      for factual correctness... (<a href=\"#\">click!</a>)\n      <div><span>CENSORED!</span></div>\n\n    </p>"}],"longdesc":"\n    <p>The <code>.fadeIn()</code> method animates the opacity of the matched elements.</p>\n    <p>Durations are given in milliseconds; higher values indicate slower animations, not faster ones. The strings <code>'fast'</code> and <code>'slow'</code> can be supplied to indicate durations of <code>200</code> and <code>600</code> milliseconds, respectively. If any other string is supplied, or if the <code>duration</code> parameter is omitted, the default duration of  <code>400</code> milliseconds is used.</p>\n    <p>We can animate any element, such as a simple image:</p>\n    <pre><code>&lt;div id=\"clickme\"&gt;\n      Click here\n    &lt;/div&gt;\n    &lt;img id=\"book\" src=\"book.png\" alt=\"\" width=\"100\" height=\"123\" /&gt;\n    With the element initially hidden, we can show it slowly:\n    $('#clickme').click(function() {\n      $('#book').fadeIn('slow', function() {\n        // Animation complete\n      });\n    });</code></pre>\n    <p class=\"image four-across\">\n      <img src=\"/resources/0042_06_33.png\" alt=\"\"/>\n      <img src=\"/resources/0042_06_34.png\" alt=\"\"/>\n      <img src=\"/resources/0042_06_35.png\" alt=\"\"/>\n      <img src=\"/resources/0042_06_36.png\" alt=\"\"/>\n    </p>\n    <h4 id=\"easing\">Easing</h4>\n    <p><strong>As of jQuery 1.4.3</strong>, an optional string naming an easing function may be used. Easing functions specify the speed at which the animation progresses at different points within the animation. The only easing implementations in the jQuery library are the default, called <code>swing</code>, and one that progresses at a constant pace, called <code>linear</code>. More easing functions are available with the use of plug-ins, most notably the <a href=\"http://jqueryui.com\">jQuery UI suite</a>.</p>\n    <h4 id=\"callback-function\">Callback Function</h4>\n    <p>If supplied, the callback is fired once the animation is complete. This can be useful for stringing different animations together in sequence. The callback is not sent any arguments, but <code>this</code> is set to the DOM element being animated. If multiple elements are animated, it is important to note that the callback is executed once per matched element, not once for the animation as a whole. </p>\n    <p><strong>As of jQuery 1.6</strong>, the <code><a href=\"http://api.jquery.com/promise/\">.promise()</a></code> method can be used in conjunction with the <code><a href=\"http://api.jquery.com/deferred.done/\">deferred.done()</a></code> method to execute a single callback for the animation as a whole when <em>all</em> matching elements have completed their animations ( See the <a href=\"http://api.jquery.com/promise/#example-1\">example for .promise()</a> ).  </p>\n  "}]}