{"name":"first","type":"method","title":".first()","desc":"Reduce the set of matched elements to the first in the set.","categories":["traversing/filtering","version/1.4"],"entries":[{"return":"jQuery","signatures":{"added":"1.4"},"examples":{"desc":"Highlight the first span in a paragraph.","css":".highlight{background-color: yellow}","code":"$(\"p span\").first().addClass('highlight');","html":"<p><span>Look:</span> <span>This is some text in a paragraph.</span> <span>This is a note about it.</span></p>"},"longdesc":"<p>Given a jQuery object that represents a set of DOM elements, the <code>.first()</code> method constructs a new jQuery object from the first element in that set.</p>\n<p>Consider a page with a simple list on it:</p>\n<pre><code>\n&lt;ul&gt;\n  &lt;li&gt;list item 1&lt;/li&gt;\n  &lt;li&gt;list item 2&lt;/li&gt;\n  &lt;li&gt;list item 3&lt;/li&gt;\n  &lt;li&gt;list item 4&lt;/li&gt;\n  &lt;li&gt;list item 5&lt;/li&gt;\n&lt;/ul&gt;\n</code></pre>\n<p>We can apply this method to the set of list items:</p>\n<pre><code>$('li').first().css('background-color', 'red');</code></pre>\n<p>The result of this call is a red background for the first item.</p>"}]}