{"name":"focusout","type":"method","title":".focusout()","desc":"Bind an event handler to the \"focusout\" JavaScript event.","categories":["events/keyboard-events","events/mouse-events","version/1.4","version/1.4.3"],"entries":[{"return":"jQuery","signatures":[{"added":"1.4","argument":{"desc":"A function to execute each time the event is triggered.","name":"handler(eventObject)","type":"Function"}},{"added":"1.4.3","argument":[{"desc":"An object containing data that will be passed to the event handler.","name":"eventData","type":"Object","optional":"true"},{"desc":"A function to execute each time the event is triggered.","name":"handler(eventObject)","type":"Function"}]}],"examples":{"desc":"Watch for a loss of focus to occur inside paragraphs and note the difference between the <code>focusout</code> count and the <code>blur</code> count.","css":"\n.inputs { float: left; margin-right: 1em; }\n.inputs p { margin-top: 0; }\n","code":"\nvar fo = 0, b = 0;\n$(\"p\").focusout(function() {\n  fo++;\n  $(\"#fo\")\n    .text(\"focusout fired: \" + fo + \"x\");\n}).blur(function() {\n  b++;\n  $(\"#b\")\n    .text(\"blur fired: \" + b + \"x\");\n\n});\n","html":"\n<div class=\"inputs\">\n  <p>\n    <input type=\"text\" /><br />\n    <input type=\"text\" />\n  </p>\n  <p>\n    <input type=\"password\" />\n  </p>\n</div>\n<div id=\"fo\">focusout fire</div>\n<div id=\"b\">blur fire</div>\n"},"longdesc":"\n    <p>This method is a shortcut for <code>.bind('focusout', handler)</code>.</p>\n    <p>The <code>focusout</code> event is sent to an element when it, or any element inside of it, loses focus. This is distinct from the <a href=\"/blur\">blur</a> event in that it supports detecting the loss of focus on descendant elements (in other words, it supports event bubbling).</p>\n    <p>This event will likely be used together with the <a href=\"/focusin\">focusin</a> event.</p>\n  "}]}