{"name":"get","type":"method","title":".get()","desc":"Retrieve the DOM elements matched by the jQuery object.","categories":["miscellaneous/dom-element-methods","version/1.0"],"entries":[{"return":"Element, Array","signatures":{"added":"1.0","argument":{"desc":"A zero-based integer indicating which element to retrieve.","name":"index","type":"Number","optional":"true"}},"examples":[{"desc":"Selects all divs in the document and returns the DOM Elements as an Array, then uses the built-in reverse-method to reverse that array.","code":"\nfunction disp(divs) {\n  var a = [];\n  for (var i = 0; i < divs.length; i++) {\n    a.push(divs[i].innerHTML);\n  }\n  $(\"span\").text(a.join(\" \"));\n}\ndisp( $(\"div\").get().reverse() );\n","css":"\n  span { color:red; }\n  ","html":"Reversed - <span></span>\n\n  <div>One</div>\n  <div>Two</div>\n  <div>Three</div>"},{"desc":"Gives the tag name of the element clicked on.","code":"\n$(\"*\", document.body).click(function (e) {\n  e.stopPropagation();\n  var domEl = $(this).get(0);\n  $(\"span:first\").text(\"Clicked on - \" + domEl.tagName);\n});\n","css":"\n  span { color:red; }\n  div { background:yellow; }\n  ","html":"<span>&nbsp;</span>\n  <p>In this paragraph is an <span>important</span> section</p>\n\n  <div><input type=\"text\" /></div>"}],"longdesc":"\n    <p>The <code>.get()</code> method grants us access to the DOM nodes underlying each jQuery object. Suppose we had a simple unordered list on the page:</p>\n    <pre><code>\n&lt;ul&gt;\n  &lt;li id=\"foo\"&gt;foo&lt;/li&gt;\n  &lt;li id=\"bar\"&gt;bar&lt;/li&gt;\n&lt;/ul&gt;\n    </code></pre>\n    <p>Without a parameter, <code>.get()</code> returns all of the elements:</p>\n    <pre><code>alert($('li').get());</code></pre>\n    <p>All of the matched DOM nodes are returned by this call, contained in a standard array:</p>\n    <p>\n      <span class=\"result\">[&lt;li id=\"foo\"&gt;, &lt;li id=\"bar\"&gt;]</span>\n    </p>\n    <p>With an index specified, .get() will retrieve a single element:</p>\n    <pre><code>($('li').get(0));</code></pre>\n    <p>Since the index is zero-based, the first list item is returned:</p>\n    <p>\n      <span class=\"output\">&lt;li id=\"foo\"&gt;</span>\n    </p>\n    <p>Each jQuery object also masquerades as an array, so we can use the array dereferencing operator to get at the list item instead:</p>\n    <pre><code>alert($('li')[0]);</code></pre>\n    <p>However, this syntax lacks some of the additional capabilities of .get(), such as specifying a negative index:</p>\n    <pre><code>alert($('li').get(-1));</code></pre>\n    <p>A negative index is counted from the end of the matched set, so this example will return the last item in the list:</p>\n    <p>\n      <span class=\"output\">&lt;li id=\"bar\"&gt;</span>\n    </p>\n  "}]}