{"name":"header","type":"selector","title":":header Selector","desc":"Selects all elements that are headers, like h1, h2, h3 and so on.","categories":["selectors/basic-filter-selectors","selectors/jquery-selector-extensions","version/1.2"],"entries":[{"return":"","signatures":{"added":"1.2"},"examples":{"desc":"Adds a background and text color to all the headers on the page.","code":"$(\":header\").css({ background:'#CCC', color:'blue' });","html":"<h1>Header 1</h1>\n\n  <p>Contents 1</p>\n  <h2>Header 2</h2>\n  <p>Contents 2</p>","css":"\n  body { font-size: 10px; font-family: Arial; }\n  h1, h2 { margin: 3px 0; }\n  "},"longdesc":""}],"slug":"header-selector"}