{"name":"insertBefore","type":"method","title":".insertBefore()","desc":"Insert every element in the set of matched elements before the target.","categories":["manipulation/dom-insertion-outside","version/1.0"],"entries":[{"return":"jQuery","signatures":{"added":"1.0","argument":{"desc":"A selector, element, HTML string, or jQuery object; the matched set of elements will be inserted before the element(s) specified by this parameter.","name":"target","type":"Selector, Element, jQuery"}},"examples":{"desc":"Inserts all paragraphs before an element with id of \"foo\". Same as $(\"#foo\").before(\"p\")","code":"$(\"p\").insertBefore(\"#foo\"); // check before() examples","css":"#foo { background:yellow; }","html":"<div id=\"foo\">FOO!</div><p>I would like to say: </p>"},"longdesc":"\n    <p>The <code><a href=\"/before\">.before()</a></code> and <code>.insertBefore()</code> methods perform the same task. The major difference is in the syntax-specifically, in the placement of the content and target. With<code> .before()</code>, the selector expression preceding the method is the container before which the content is inserted. With <code>.insertBefore()</code>, on the other hand, the content precedes the method, either as a selector expression or as markup created on the fly, and it is inserted before the target container.</p>\n    <p>Consider the following HTML:</p>\n    <pre><code>&lt;div class=\"container\"&gt;\n  &lt;h2&gt;Greetings&lt;/h2&gt;\n  &lt;div class=\"inner\"&gt;Hello&lt;/div&gt;\n  &lt;div class=\"inner\"&gt;Goodbye&lt;/div&gt;\n&lt;/div&gt;</code></pre>\n    <p>We can create content and insert it before several elements at once:</p>\n    <pre><code>$('&lt;p&gt;Test&lt;/p&gt;').insertBefore('.inner');</code></pre>\n    <p>Each inner <code>&lt;div&gt;</code> element gets this new content:</p>\n    <pre><code>&lt;div class=\"container\"&gt;\n  &lt;h2&gt;Greetings&lt;/h2&gt;\n  &lt;p&gt;Test&lt;/p&gt;\n  &lt;div class=\"inner\"&gt;Hello&lt;/div&gt;\n  &lt;p&gt;Test&lt;/p&gt;\n  &lt;div class=\"inner\"&gt;Goodbye&lt;/div&gt;\n&lt;/div&gt;</code></pre>\n    <p>We can also select an element on the page and insert it before another:</p>\n    <pre><code>$('h2').insertBefore($('.container'));</code></pre>\n    <p>If an element selected this way is inserted into a single location elsewhere in the DOM, it will be moved before the target (not cloned):</p>\n    <pre><code>&lt;h2&gt;Greetings&lt;/h2&gt;\n&lt;div class=\"container\"&gt;\n  &lt;div class=\"inner\"&gt;Hello&lt;/div&gt;\n  &lt;div class=\"inner\"&gt;Goodbye&lt;/div&gt;\n&lt;/div&gt;</code></pre>\n    <p>If there is more than one target element, however, cloned copies of the inserted element will be created for each target after the first, and that new set (the original element plus clones) is returned.</p>\n  "}]}