{"name":"jQuery.contains","type":"method","title":"jQuery.contains()","desc":"Check to see if a DOM element is within another DOM element.","categories":["utilities","version/1.4"],"entries":[{"return":"Boolean","signatures":{"added":"1.4","argument":[{"desc":"The DOM element that may contain the other element.","name":"container","type":"Element"},{"desc":"The DOM element that may be contained by the other element.","name":"contained","type":"Element"}]},"examples":{"desc":"Check if an element is inside another. Text and comment nodes are not supported.","code":"jQuery.contains(document.documentElement, document.body); // true\njQuery.contains(document.body, document.documentElement); // false"},"longdesc":"\n    <blockquote>\n      <p><strong>Note:</strong> The first argument <em>must</em> be a DOM element, not a jQuery object or plain JavaScript object.</p>\n    </blockquote>\n  "}]}