{"name":"jQuery.browser","type":"property","title":"jQuery.browser","desc":"Contains flags for the useragent, read from navigator.userAgent. <strong>We recommend against using this property; please try to use feature detection instead (see jQuery.support). jQuery.browser may be moved to a plugin in a future release of jQuery.</strong>","categories":["properties/global-jquery-object-properties","utilities","version/1.0","version/1.1.3"],"entries":[{"return":"PlainObject","signatures":{"added":"1.0"},"examples":[{"desc":"Show the browser info.","code":"\n    jQuery.each(jQuery.browser, function(i, val) {\n      $(\"<div>\" + i + \" : <span>\" + val + \"</span>\")\n                .appendTo( document.body );\n    });","css":"\n  p { color:green; font-weight:bolder; margin:3px 0 0 10px; }\n  div { color:blue; margin-left:20px; font-size:14px; }\n  span { color:red; }\n  ","html":"\n<p>Browser info:</p>\n"},{"desc":"Returns true if the current useragent is some version of Microsoft's Internet Explorer.","code":"\n  $.browser.msie;\n"},{"desc":"Alerts \"this is WebKit!\" only for WebKit browsers","code":"\n  if ($.browser.webkit) {\n    alert( \"this is webkit!\" );\n  }\n"},{"desc":"Alerts \"Do stuff for Firefox 3\" only for Firefox 3 browsers.","code":"\n  var ua = $.browser;\n  if ( ua.mozilla && ua.version.slice(0,3) == \"1.9\" ) {\n    alert( \"Do stuff for firefox 3\" );\n  }\n"},{"desc":"Set a CSS property that's specific to a particular browser.","code":"\n if ( $.browser.msie ) {\n    $(\"#div ul li\").css( \"display\",\"inline\" );\n } else {\n    $(\"#div ul li\").css( \"display\",\"inline-table\" );\n }\n"}],"desc":"Contains flags for the useragent, read from navigator.userAgent. <strong>We recommend against using this property; please try to use feature detection instead (see jQuery.support). jQuery.browser may be moved to a plugin in a future release of jQuery.</strong>","longdesc":"\n      <p>The <code>$.browser</code> property provides information about the web browser that is accessing the page, as reported by the browser itself. It contains flags for each of the four most prevalent browser classes (Internet Explorer, Mozilla, Webkit, and Opera) as well as version information.</p>\n      <p>Available flags are:</p>\n      <ul>\n        <li>webkit (as of jQuery 1.4)</li>\n        <li>safari (deprecated)</li>\n        <li>opera</li>\n        <li>msie</li>\n        <li>mozilla</li>\n      </ul>\n      <p>This property is available immediately. It is therefore safe to use it to determine whether or not to call <code>$(document).ready()</code>.\n    The <code>$.browser</code> property is deprecated in jQuery 1.3, and its functionality may be moved to a team-supported plugin in a future release of jQuery.</p>\n      <p>Because <code>$.browser</code> uses <code>navigator.userAgent</code> to determine the platform, it is vulnerable to spoofing by the user or misrepresentation by the browser itself. It is always best to avoid browser-specific code entirely where possible. The <code><a href=\"http://api.jquery.com/jQuery.support/\">$.support</a></code> property is available for detection of support for particular features rather than relying on <code>$.browser</code>. </p>\n    "},{"return":"String","signatures":{"added":"1.1.3"},"examples":[{"desc":"Returns the version number of the rendering engine used by the user's current browser. For example, FireFox 4 returns 2.0 (the version of the Gecko rendering engine it utilizes).","code":"\n$(\"p\").html( \"The version number of the rendering engine your browser uses is: <span>\" +\n                $.browser.version + \"</span>\" );\n","css":"\n  p { color:blue; margin:20px; }\n  span { color:red; }\n  ","html":"\n<p></p>\n"},{"desc":"Alerts the version of IE's rendering engine that is being used:","code":"\nif ( $.browser.msie ) {\n  alert( $.browser.version );\n}\n"},{"desc":"Often you only care about the \"major number,\" the whole number, which you can get by using JavaScript's built-in <code>parseInt()</code> function:","code":"\nif ( $.browser.msie ) {\n  alert( parseInt($.browser.version, 10) );\n}\n"}],"desc":"The version number of the rendering engine for the user's browser.","longdesc":"\n      <p>Here are some typical results:</p>\n      <ul>\n        <li>Internet Explorer: 6.0, 7.0, 8.0</li>\n        <li>Mozilla/Firefox/Flock/Camino: 1.7.12, 1.8.1.3, 1.9</li>\n        <li>Opera: 10.06, 11.01</li>\n        <li>Safari/Webkit: 312.8, 418.9</li>\n      </ul>\n      <p>Note that IE8 claims to be 7 in Compatibility View.</p>\n    "}]}