{"name":"jQuery.error","type":"method","title":"jQuery.error()","desc":"Takes a string and throws an exception containing it.","categories":["internals","version/1.4.1"],"entries":[{"return":"","signatures":{"added":"1.4.1","argument":{"desc":"The message to send out.","name":"message","type":"String"}},"examples":{"desc":"Override jQuery.error for display in Firebug.","code":"jQuery.error = console.error;"},"longdesc":"\n    <p>This method exists primarily for plugin developers who wish to override it and provide a better display (or more information) for the error messages.</p>\n  "}]}