{"name":"jQuery.grep","type":"method","title":"jQuery.grep()","desc":"Finds the elements of an array which satisfy a filter function. The original array is not affected.","categories":["utilities","version/1.0"],"entries":[{"return":"Array","signatures":{"added":"1.0","argument":[{"desc":"The array to search through.","name":"array","type":"Array"},{"desc":"The function to process each item against.  The first argument to the function is the item, and the second argument is the index.  The function should return a Boolean value.  <code>this</code> will be the global window object.","name":"function(elementOfArray, indexInArray)","type":"Function"},{"desc":"If \"invert\" is false, or not provided, then the function returns an array consisting of all elements for which \"callback\" returns true.  If \"invert\" is true, then the function returns an array consisting of all elements for which \"callback\" returns false.","name":"invert","optional":"true","type":"Boolean"}]},"examples":[{"desc":"Filters the original array of numbers leaving that are not 5 and have an index greater than 4.  Then it removes all 9s.","code":"\nvar arr = [ 1, 9, 3, 8, 6, 1, 5, 9, 4, 7, 3, 8, 6, 9, 1 ];\n$(\"div\").text(arr.join(\", \"));\n\narr = jQuery.grep(arr, function(n, i){\n  return (n != 5 && i > 4);\n});\n$(\"p\").text(arr.join(\", \"));\n\narr = jQuery.grep(arr, function (a) { return a != 9; });\n$(\"span\").text(arr.join(\", \"));\n\n","css":"\n  div { color:blue; }\n  p { color:green; margin:0; }\n  span { color:red; }\n  ","html":"<div></div>\n  <p></p>\n  <span></span>\n  "},{"desc":"Filter an array of numbers to include only numbers bigger then zero.","code":"$.grep( [0,1,2], function(n,i){\n   return n > 0;\n });","results":"[1, 2] "},{"desc":"Filter an array of numbers to include numbers that are not bigger than zero.","code":"$.grep( [0,1,2], function(n,i){\n    return n > 0;\n},true);","results":"[0] "}],"longdesc":"\n    <p>The <code>$.grep()</code> method removes items from an array as necessary so that all remaining items pass a provided test. The test is a function that is passed an array item and the index of the item within the array. Only if the test returns true will the item be in the result array.</p>\n    <p> The filter function will be passed two arguments: the current array item and its index. The filter function must return 'true' to include the item in the result array.</p>\n  "}]}