{"name":"jQuery.getJSON","type":"method","title":"jQuery.getJSON()","desc":"Load JSON-encoded data from the server using a GET HTTP request.","categories":["ajax/shorthand-methods","version/1.0","version/1.5"],"entries":[{"return":"jqXHR","signatures":{"added":"1.0","argument":[{"desc":"A string containing the URL to which the request is sent.","name":"url","type":"String"},{"desc":"A plain object or string that is sent to the server with the request.","name":"data","optional":"true","type":"PlainObject"},{"desc":"A callback function that is executed if the request succeeds.","name":"success(data, textStatus, jqXHR)","optional":"true","type":"Function"}]},"examples":[{"desc":"Loads the four most recent cat pictures from the Flickr JSONP API.","code":"\n$.getJSON(\"http://api.flickr.com/services/feeds/photos_public.gne?jsoncallback=?\",\n  {\n    tags: \"mount rainier\",\n    tagmode: \"any\",\n    format: \"json\"\n  },\n  function(data) {\n    $.each(data.items, function(i,item){\n      $(\"<img/>\").attr(\"src\", item.media.m).appendTo(\"#images\");\n      if ( i == 3 ) return false;\n    });\n  });","html":"<div id=\"images\">\n\n</div>","css":"img{ height: 100px; float: left; }"},{"desc":"Load the JSON data from test.js and access a name from the returned JSON data.","code":"$.getJSON(\"test.js\", function(json) {\n   alert(\"JSON Data: \" + json.users[3].name);\n });"},{"desc":"Load the JSON data from test.js, passing along additional data, and access a name from the returned JSON data.","code":"$.getJSON(\"test.js\", { name: \"John\", time: \"2pm\" }, function(json) {\n    alert(\"JSON Data: \" + json.users[3].name);\n    });"}],"longdesc":"\n    <p>This is a shorthand Ajax function, which is equivalent to:</p>\n    <pre><code>$.ajax({\n  dataType: \"json\",\n  url: url,\n  data: data,\n  success: success\n});\n</code></pre>\n    <p>Data that is sent to the server is appended to the URL as a query string. If the value of the <code>data</code> parameter is a plain object, it is converted to a string and url-encoded before it is appended to the URL.</p>\n    <p>Most implementations will specify a success handler:</p>\n    <pre><code>$.getJSON('ajax/test.json', function(data) {\n  var items = [];\n\n  $.each(data, function(key, val) {\n    items.push('&lt;li id=\"' + key + '\"&gt;' + val + '&lt;/li&gt;');\n  });\n\n  $('&lt;ul/&gt;', {\n    'class': 'my-new-list',\n    html: items.join('')\n  }).appendTo('body');\n});\n</code></pre>\n    <p>This example, of course, relies on the structure of the JSON file:</p>\n    <pre><code>{\n  \"one\": \"Singular sensation\",\n  \"two\": \"Beady little eyes\",\n  \"three\": \"Little birds pitch by my doorstep\"\n}\n</code></pre>\n    <p>Using this structure, the example loops through the requested data, builds an unordered list, and appends it to the body.</p>\n    <p>The <code>success</code> callback is passed the returned data, which is typically a JavaScript object or array as defined by the JSON structure and parsed using the <code><a href=\"/jQuery.parseJSON\">$.parseJSON()</a></code> method. It is also passed the text status of the response.</p>\n    <p><strong>As of jQuery 1.5</strong>, the <code>success</code> callback function receives a <a href=\"http://api.jquery.com/jQuery.get/#jqxhr-object\">\"jqXHR\" object</a> (in <strong>jQuery 1.4</strong>, it received the <code>XMLHttpRequest</code> object). However, since JSONP and cross-domain GET requests do not use <abbr title=\"XMLHTTPRequest\">XHR</abbr>, in those cases the <code>jqXHR</code> and <code>textStatus</code> parameters passed to the success callback are undefined.</p>\n    <blockquote>\n      <p><strong>Important:</strong> As of jQuery 1.4, if the JSON file contains a syntax error, the request will usually fail silently. Avoid frequent hand-editing of JSON data for this reason. JSON is a data-interchange format with syntax rules that are stricter than those of JavaScript's object literal notation. For example, all strings represented in JSON, whether they are properties or values, must be enclosed in double-quotes. For details on the JSON format, see <a href=\"http://json.org/\">http://json.org/</a>.</p>\n    </blockquote>\n    <h4 id=\"jsonp\">JSONP</h4>\n    <p>If the URL includes the string \"callback=?\" (or similar, as defined by the server-side API), the request is treated as JSONP instead. See the discussion of the <code>jsonp</code> data type in <code><a href=\"http://api.jquery.com/jQuery.ajax/\">$.ajax()</a></code> for more details.</p>\n    <h4 id=\"jqxhr-object\">The jqXHR Object</h4>\n    <p><strong>As of jQuery 1.5</strong>, all of jQuery's Ajax methods return  a superset of the <code>XMLHTTPRequest</code> object. This jQuery XHR object, or \"jqXHR,\" returned by <code>$.getJSON()</code> implements the Promise interface, giving it all the properties, methods, and behavior of a Promise (see <a href=\"http://api.jquery.com/category/deferred-object/\">Deferred object</a> for more information). For convenience and consistency with the callback names used by <code><a href=\"http://api.jquery.com/jQuery.ajax/\">$.ajax()</a></code>, it provides <code>.error()</code>, <code>.success()</code>, and <code>.complete()</code> methods. These methods take a function argument that is called when the request terminates, and the function receives the same arguments as the correspondingly-named <code>$.ajax()</code> callback.</p>\n    <p>The Promise interface in jQuery 1.5 also allows jQuery's Ajax methods, including <code>$.getJSON()</code>, to chain multiple <code>.success()</code>, <code>.complete()</code>, and <code>.error()</code> callbacks on a single request, and even to assign these callbacks after the request may have completed. If the request is already complete, the callback is fired immediately.</p>\n    <pre><code>// Assign handlers immediately after making the request,\n// and remember the jqxhr object for this request\nvar jqxhr = $.getJSON(\"example.json\", function() {\n  alert(\"success\");\n})\n.success(function() { alert(\"second success\"); })\n.error(function() { alert(\"error\"); })\n.complete(function() { alert(\"complete\"); });\n\n// perform other work here ...\n\n// Set another completion function for the request above\njqxhr.complete(function(){ alert(\"second complete\"); });</code></pre>\n  "}]}