{"name":"jQuery.post","type":"method","title":"jQuery.post()","desc":"Load data from the server using a HTTP POST request.","categories":["ajax/shorthand-methods","version/1.0","version/1.5"],"entries":[{"return":"jqXHR","signatures":{"added":"1.0","argument":[{"desc":"A string containing the URL to which the request is sent.","name":"url","type":"String"},{"desc":"A plain object or string that is sent to the server with the request.","name":"data","optional":"true","type":"PlainObject, String"},{"desc":"A callback function that is executed if the request succeeds.","name":"success(data, textStatus, jqXHR)","optional":"true","type":"Function"},{"desc":"The type of data expected from the server. Default: Intelligent Guess (xml, json, script, text, html).","name":"dataType","optional":"true","type":"String"}]},"examples":[{"desc":"Request the test.php page, but ignore the return results.","code":"$.post(\"test.php\");"},{"desc":"Request the test.php page and send some additional data along (while still ignoring the return results).","code":"$.post(\"test.php\", { name: \"John\", time: \"2pm\" } );"},{"desc":"pass arrays of data to the server (while still ignoring the return results).","code":"$.post(\"test.php\", { 'choices[]': [\"Jon\", \"Susan\"] });"},{"desc":"send form data using ajax requests","code":"$.post(\"test.php\", $(\"#testform\").serialize());"},{"desc":"Alert out the results from requesting test.php (HTML or XML, depending on what was returned).","code":"$.post(\"test.php\", function(data) {\n  alert(\"Data Loaded: \" + data);\n});"},{"desc":"Alert out the results from requesting test.php with an additional payload of data (HTML or XML, depending on what was returned).","code":"$.post(\"test.php\", { name: \"John\", time: \"2pm\" },\n  function(data) {\n    alert(\"Data Loaded: \" + data);\n  });"},{"desc":"Gets the test.php page content, store it in a XMLHttpResponse object and applies the process() JavaScript function.","code":"$.post(\"test.php\", { name: \"John\", time: \"2pm\" },\n  function(data) {\n    process(data);\n  },\n \"xml\"\n);"},{"desc":"Posts to the test.php page and gets contents which has been returned in json format (<?php echo json_encode(array(\"name\"=>\"John\",\"time\"=>\"2pm\")); ?>).","code":"$.post(\"test.php\", { \"func\": \"getNameAndTime\" },\n  function(data){\n    console.log(data.name); // John\n    console.log(data.time); //  2pm\n  }, \"json\");"},{"desc":"Post a form using ajax and put results in a div","code":"\n/* attach a submit handler to the form */\n$(\"#searchForm\").submit(function(event) {\n\n  /* stop form from submitting normally */\n  event.preventDefault();\n\n  /* get some values from elements on the page: */\n  var $form = $( this ),\n      term = $form.find( 'input[name=\"s\"]' ).val(),\n      url = $form.attr( 'action' );\n\n  /* Send the data using post and put the results in a div */\n  $.post( url, { s: term },\n    function( data ) {\n        var content = $( data ).find( '#content' );\n        $( \"#result\" ).empty().append( content );\n    }\n  );\n});\n","html":"<form action=\"/\" id=\"searchForm\">\n   <input type=\"text\" name=\"s\" placeholder=\"Search...\" />\n   <input type=\"submit\" value=\"Search\" />\n  </form>\n  <!-- the result of the search will be rendered inside this div -->\n  <div id=\"result\"></div>\n"}],"longdesc":"\n    <p>This is a shorthand Ajax function, which is equivalent to:</p>\n    <pre><code>$.ajax({\n  type: \"POST\",\n  url: url,\n  data: data,\n  success: success,\n  dataType: dataType\n});\n</code></pre>\n    <p>The <code>success</code> callback function is passed the returned data, which will be an XML root element or a text string depending on the MIME type of the response. It is also passed the text status of the response.</p>\n    <p><strong>As of jQuery 1.5</strong>, the <code>success</code> callback function is also passed a <a href=\"http://api.jquery.com/jQuery.get/#jqxhr-object\">\"jqXHR\" object</a> (in <strong>jQuery 1.4</strong>, it was passed the <code>XMLHttpRequest</code> object).</p>\n    <p>Most implementations will specify a success handler:</p>\n    <pre><code>$.post('ajax/test.html', function(data) {\n  $('.result').html(data);\n});\n</code></pre>\n    <p>This example fetches the requested HTML snippet and inserts it on the page.</p>\n    <p>Pages fetched with <code>POST</code> are never cached, so the <code>cache</code> and <code>ifModified</code> options in <code><a href=\"/jQuery.ajaxSetup\">jQuery.ajaxSetup()</a></code> have no effect on these requests.</p>\n    <h4 id=\"jqxhr-object\">The jqXHR Object</h4>\n    <p><strong>As of jQuery 1.5</strong>, all of jQuery's Ajax methods return  a superset of the <code>XMLHTTPRequest</code> object. This jQuery XHR object, or \"jqXHR,\" returned by <code>$.post()</code> implements the Promise interface, giving it all the properties, methods, and behavior of a Promise (see <a href=\"http://api.jquery.com/category/deferred-object/\">Deferred object</a> for more information). For convenience and consistency with the callback names used by <code><a href=\"http://api.jquery.com/jQuery.ajax/\">$.ajax()</a></code>, it provides <code>.error()</code>, <code>.success()</code>, and <code>.complete()</code> methods. These methods take a function argument that is called when the request terminates, and the function receives the same arguments as the correspondingly-named <code>$.ajax()</code> callback.</p>\n    <p>The Promise interface in jQuery 1.5 also allows jQuery's Ajax methods, including <code>$.post()</code>, to chain multiple <code>.success()</code>, <code>.complete()</code>, and <code>.error()</code> callbacks on a single request, and even to assign these callbacks after the request may have completed. If the request is already complete, the callback is fired immediately.</p>\n    <pre><code>// Assign handlers immediately after making the request,\n    // and remember the jqxhr object for this request\n    var jqxhr = $.post(\"example.php\", function() {\n      alert(\"success\");\n    })\n    .success(function() { alert(\"second success\"); })\n    .error(function() { alert(\"error\"); })\n    .complete(function() { alert(\"complete\"); });\n\n    // perform other work here ...\n\n    // Set another completion function for the request above\n    jqxhr.complete(function(){ alert(\"second complete\"); });\n  </code></pre>\n  "}]}