{"name":"last","type":"selector","title":":last Selector","desc":"Selects the last matched element.","categories":["selectors/basic-filter-selectors","selectors/jquery-selector-extensions","version/1.0"],"entries":[{"return":"","signatures":{"added":"1.0"},"examples":{"desc":"Finds the last table row.","code":"$(\"tr:last\").css({backgroundColor: 'yellow', fontWeight: 'bolder'});","html":"<table>\n\n  <tr><td>First Row</td></tr>\n  <tr><td>Middle Row</td></tr>\n  <tr><td>Last Row</td></tr>\n\n</table>"},"longdesc":"\n    <p>Note that <code>:last</code> selects a single element by filtering  the current jQuery collection and matching the last element within it.</p>\n  "}],"slug":"last-selector"}