{"name":"next adjacent","type":"selector","title":"Next Adjacent Selector (\"prev + next\")","desc":"Selects all next elements matching \"next\" that are immediately preceded by a sibling \"prev\".","categories":["selectors/hierarchy-selectors","version/1.0"],"entries":[{"return":"","signatures":{"added":"1.0","argument":[{"desc":"Any valid selector.","name":"prev","type":"Selector"},{"desc":"A selector to match the element that is next to the first selector.","name":"next","type":"Selector"}]},"examples":{"desc":"Finds all inputs that are next to a label.","code":"$(\"label + input\").css(\"color\", \"blue\").val(\"Labeled!\")","html":"<form>\n\n  <label>Name:</label>\n  <input name=\"name\" />\n  <fieldset>\n    <label>Newsletter:</label>\n\n    <input name=\"newsletter\" />\n  </fieldset>\n</form>\n<input name=\"none\" />"},"longdesc":"\n    <p>One important point to consider with both the next adjacent sibling selector (<code>prev + next</code>) and the general sibling selector (<code>prev ~ siblings</code>) is that the elements on either side of the combinator must share the same parent.</p>\n  "}],"slug":"next-adjacent-Selector"}