{"name":"not","type":"method","title":".not()","desc":"Remove elements from the set of matched elements.","categories":["traversing/filtering","traversing/miscellaneous-traversal","version/1.0","version/1.4"],"entries":[{"return":"jQuery","signatures":[{"added":"1.0","argument":{"desc":"A string containing a selector expression to match elements against.","name":"selector","type":"Selector"}},{"added":"1.0","argument":{"desc":"One or more DOM elements to remove from the matched set.","name":"elements","type":"Elements"}},{"added":"1.4","argument":{"desc":"A function used as a test for each element in the set. <code>this</code> is the current DOM element.","name":"function(index)","type":"Function"}},{"added":"1.4","argument":{"desc":"An existing jQuery object to match the current set of elements against.","name":"jQuery object","type":"PlainObject"}}],"examples":[{"desc":"Adds a border to divs that are not green or blue.","code":"\n$(\"div\").not(\".green, #blueone\")\n        .css(\"border-color\", \"red\");\n\n","css":"\ndiv { width:50px; height:50px; margin:10px; float:left;\n      background:yellow; border:2px solid white; }\n.green { background:#8f8; }\n.gray { background:#ccc; }\n#blueone { background:#99f; }\n","html":"<div></div>\n<div id=\"blueone\"></div>\n<div></div>\n<div class=\"green\"></div>\n\n<div class=\"green\"></div>\n<div class=\"gray\"></div>\n<div></div>\n"},{"desc":"Removes the element with the ID \"selected\" from the set of all paragraphs.","code":"$(\"p\").not( $(\"#selected\")[0] )"},{"desc":"Removes the element with the ID \"selected\" from the set of all paragraphs.","code":"$(\"p\").not(\"#selected\")"},{"desc":"Removes all elements that match \"div p.selected\" from the total set of all paragraphs.","code":"$(\"p\").not($(\"div p.selected\"))"}],"longdesc":"\n    <p>Given a jQuery object that represents a set of DOM elements, the <code>.not()</code> method constructs a new jQuery object from a subset of the matching elements. The supplied selector is tested against each element; the elements that don't match the selector will be included in the result.</p>\n    <p>Consider a page with a simple list on it:</p>\n    <pre><code>\n&lt;ul&gt;\n  &lt;li&gt;list item 1&lt;/li&gt;\n  &lt;li&gt;list item 2&lt;/li&gt;\n  &lt;li&gt;list item 3&lt;/li&gt;\n  &lt;li&gt;list item 4&lt;/li&gt;\n  &lt;li&gt;list item 5&lt;/li&gt;\n&lt;/ul&gt;\n</code></pre>\n    <p>We can apply this method to the set of list items:</p>\n    <pre><code>$('li').not(':even').css('background-color', 'red');</code></pre>\n    <p>The result of this call is a red background for items 2 and 4, as they do not match the selector (recall that :even and :odd use 0-based indexing).</p>\n    <h4>Removing Specific Elements</h4>\n    <p>The second version of the <code>.not()</code> method allows us to remove elements from the matched set, assuming we have found those elements previously by some other means. For example, suppose our list had an id applied to one of its items:</p>\n    <pre><code>\n&lt;ul&gt;\n  &lt;li&gt;list item 1&lt;/li&gt;\n  &lt;li&gt;list item 2&lt;/li&gt;\n  &lt;li id=\"notli\"&gt;list item 3&lt;/li&gt;\n  &lt;li&gt;list item 4&lt;/li&gt;\n  &lt;li&gt;list item 5&lt;/li&gt;\n&lt;/ul&gt;\n</code></pre>\n    <p>We can fetch the third list item using the native JavaScript <code>getElementById()</code> function, then remove it from a jQuery object:</p>\n    <pre><code>\n$('li').not(document.getElementById('notli'))\n  .css('background-color', 'red');\n</code></pre>\n    <p>This statement changes the color of items 1, 2, 4, and 5. We could have accomplished the same thing with a simpler jQuery expression, but this technique can be useful when, for example, other libraries provide references to plain DOM nodes.</p>\n    <p>As of jQuery 1.4, the <code>.not()</code> method can take a function as its argument in the same way that <code>.filter()</code> does. Elements for which the function returns <code>true</code> are excluded from the filtered set; all other elements are included.</p>\n  "}]}