{"name":"prev","type":"method","title":".prev()","desc":"Get the immediately preceding sibling of each element in the set of matched elements, optionally filtered by a selector.","categories":["traversing/tree-traversal","version/1.0"],"entries":[{"return":"jQuery","signatures":{"added":"1.0","argument":{"desc":"A string containing a selector expression to match elements against.","name":"selector","optional":"true","type":"Selector"}},"examples":[{"desc":"Find the very previous sibling of each div.","code":"\n    var $curr = $(\"#start\");\n    $curr.css(\"background\", \"#f99\");\n    $(\"button\").click(function () {\n      $curr = $curr.prev();\n      $(\"div\").css(\"background\", \"\");\n      $curr.css(\"background\", \"#f99\");\n    });\n\n","css":"\n  div { width:40px; height:40px; margin:10px;\n        float:left; border:2px blue solid; \n        padding:2px; }\n  span { font-size:14px; }\n  p { clear:left; margin:10px; }\n  ","html":"<div></div>\n  <div></div>\n  <div><span>has child</span></div>\n\n  <div></div>\n  <div></div>\n  <div></div>\n  <div id=\"start\"></div>\n\n  <div></div>\n  <p><button>Go to Prev</button></p>"},{"desc":"For each paragraph, find the very previous sibling that has a class \"selected\".","code":"$(\"p\").prev(\".selected\").css(\"background\", \"yellow\");","html":"<div><span>Hello</span></div>\n\n  <p class=\"selected\">Hello Again</p>\n  <p>And Again</p>"}],"longdesc":"\n    <p>Given a jQuery object that represents a set of DOM elements, the <code>.prev()</code> method searches for the predecessor of each of these elements in the DOM tree and constructs a new jQuery object from the matching elements.</p>\n    <p>The method optionally accepts a selector expression of the same type that can be passed to the <code>$()</code> function. If the selector is supplied, the preceding element will be filtered by testing whether it match the selector.</p>\n    <p>Consider a page with a simple list on it:</p>\n    <pre><code>\n&lt;ul&gt;\n   &lt;li&gt;list item 1&lt;/li&gt;\n   &lt;li&gt;list item 2&lt;/li&gt;\n   &lt;li class=\"third-item\"&gt;list item 3&lt;/li&gt;\n   &lt;li&gt;list item 4&lt;/li&gt;\n   &lt;li&gt;list item 5&lt;/li&gt;\n&lt;/ul&gt;\n    </code></pre>\n    <p>To select the element that comes immediately before item three:</p>\n    <pre><code>$('li.third-item').prev().css('background-color', 'red');</code></pre>\n    <p>The result of this call is a red background behind item 2. Since no selector expression is supplied, this preceding element is unequivocally included as part of the object. If one had been supplied, the element would be tested for a match before it was included.</p>\n    <p>If no previous sibling exists, or if the previous sibling element does not match a supplied selector, an empty jQuery object is returned.</p>\n    <p>To select <em>all</em> preceding sibling elements, rather than just the preceding <em>adjacent</em> sibling, use the <a href=\"http://api.jquery.com/prevAll/\">.prevAll()</a> method.</p>\n  "}]}