{"name":"selector","type":"property","title":".selector","desc":"A selector representing selector originally passed to jQuery().","categories":["internals","properties/global-jquery-object-properties"],"entries":[{"return":"String","signatures":{"added":"1.3"},"examples":[{"desc":"Determine the selector used.","code":"$(\"ul\")\n  .append(\"<li>\" + $(\"ul\").selector + \"</li>\")\n  .append(\"<li>\" + $(\"ul li\").selector + \"</li>\")\n  .append(\"<li>\" + $(\"div#foo ul:not([class])\").selector + \"</li>\");\n","css":"\n  body { cursor:pointer; }\n  div { width:50px; height:30px; margin:5px; float:left;\n        background:green; }\n  span { color:red; }\n  ","html":"Some selectors:<ul></ul>"},{"desc":"Collecting elements differently","code":"\n $('<div>' + $('ul li.foo').selector + '</div>').appendTo('body');  // \"ul li.foo\"\n $('<div>' + $('ul').find('li').filter('.foo').selector + '</div>').appendTo('body'); // \"ul li.filter(.foo)\"\n","html":"Some selectors:<ul></ul>\n"}],"longdesc":"\n    <p>Should be used in conjunction with context to determine the exact query used.</p>\n    <p>The <code>.live()</code> method for binding event handlers uses this property to determine how to perform its searches. Plug-ins which perform similar tasks may also find the property useful. This property contains a string representing the matched set of elements, but if DOM traversal methods have been called on the object, the string may not be a valid jQuery selector expression. For this reason, the value of <code>.selector</code> is generally most useful immediately following the original creation of the object. Consequently, the <code>.live()</code> method should only be used in this scenario. </p>\n  "}]}