{"name":"slideUp","type":"method","title":".slideUp()","desc":"Hide the matched elements with a sliding motion.","categories":["effects/sliding","version/1.0","version/1.4.3"],"entries":[{"return":"jQuery","signatures":[{"added":"1.0","xi:include":[{"href":"../includes/duration-argument.xml","xmlns:xi":"http://www.w3.org/2003/XInclude"},{"href":"../includes/complete-argument.xml","xmlns:xi":"http://www.w3.org/2003/XInclude"}]},{"added":"1.0","xi:include":{"href":"../includes/options-argument.xml","xmlns:xi":"http://www.w3.org/2003/XInclude"}},{"added":"1.4.3","xi:include":[{"href":"../includes/duration-argument.xml","xmlns:xi":"http://www.w3.org/2003/XInclude"},{"href":"../includes/easing-argument.xml","xmlns:xi":"http://www.w3.org/2003/XInclude"},{"href":"../includes/complete-argument.xml","xmlns:xi":"http://www.w3.org/2003/XInclude"}]}],"examples":[{"desc":"Animates all divs to slide up, completing the animation within 400 milliseconds.","code":"\n  $(document.body).click(function () {\n    if ($(\"div:first\").is(\":hidden\")) {\n      $(\"div\").show(\"slow\");\n    } else {\n      $(\"div\").slideUp();\n    }\n  });\n\n  ","css":"\n  div { background:#3d9a44; margin:3px; width:80px;\n    height:40px; float:left; }\n  ","html":"Click me!\n  <div></div>\n  <div></div>\n  <div></div>\n  <div></div>\n\n  <div></div>"},{"desc":"Animates the parent paragraph to slide up, completing the animation within 200 milliseconds. Once the animation is done, it displays an alert.","code":"\n  $(\"button\").click(function () {\n    $(this).parent().slideUp(\"slow\", function () {\n      $(\"#msg\").text($(\"button\", this).text() + \" has completed.\");\n    });\n  });\n\n","css":"\n div { margin:2px; }\n","html":"<div>\n  <button>Hide One</button>\n  <input type=\"text\" value=\"One\" />\n\n</div>\n<div>\n  <button>Hide Two</button>\n  <input type=\"text\" value=\"Two\" />\n\n</div>\n<div>\n  <button>Hide Three</button>\n  <input type=\"text\" value=\"Three\" />\n\n</div>\n<div id=\"msg\"></div>"}],"longdesc":"\n    <p>The <code>.slideUp()</code> method animates the height of the matched elements. This causes lower parts of the page to slide up, appearing to conceal the items. Once the height reaches 0 (or, if set, to whatever the CSS min-height property is), the <code>display</code> style property is set to <code>none</code> to ensure that the element no longer affects the layout of the page.</p>\n    <p>Durations are given in milliseconds; higher values indicate slower animations, not faster ones. The strings <code>'fast'</code> and <code>'slow'</code> can be supplied to indicate durations of <code>200</code> and <code>600</code> milliseconds, respectively. If any other string is supplied, or if the <code>duration</code> parameter is omitted, the default duration of  <code>400</code> milliseconds is used.</p>\n    <p>We can animate any element, such as a simple image:</p>\n    <pre><code>&lt;div id=\"clickme\"&gt;\n  Click here\n&lt;/div&gt;\n&lt;img id=\"book\" src=\"book.png\" alt=\"\" width=\"100\" height=\"123\" /&gt;</code></pre>\n    <p>With the element initially shown, we can hide it slowly:</p>\n    <pre><code>$('#clickme').click(function() {\n  $('#book').slideUp('slow', function() {\n    // Animation complete.\n  });\n});\n  </code></pre>\n    <p class=\"image four-across\">\n      <img src=\"/resources/0042_06_21.png\" alt=\"\"/>\n      <img src=\"/resources/0042_06_22.png\" alt=\"\"/>\n      <img src=\"/resources/0042_06_23.png\" alt=\"\"/>\n      <img src=\"/resources/0042_06_24.png\" alt=\"\"/>\n    </p>\n    <h4 id=\"easing\">Easing</h4>\n    <p><strong>As of jQuery 1.4.3</strong>, an optional string naming an easing function may be used. Easing functions specify the speed at which the animation progresses at different points within the animation. The only easing implementations in the jQuery library are the default, called <code>swing</code>, and one that progresses at a constant pace, called <code>linear</code>. More easing functions are available with the use of plug-ins, most notably the <a href=\"http://jqueryui.com\">jQuery UI suite</a>.</p>\n    <h4 id=\"callback-function\">Callback Function</h4>\n    <p>If supplied, the callback is fired once the animation is complete. This can be useful for stringing different animations together in sequence. The callback is not sent any arguments, but <code>this</code> is set to the DOM element being animated. If multiple elements are animated, it is important to note that the callback is executed once per matched element, not once for the animation as a whole.</p>\n    <p><strong>As of jQuery 1.6</strong>, the <code><a href=\"http://api.jquery.com/promise/\">.promise()</a></code> method can be used in conjunction with the <code><a href=\"http://api.jquery.com/deferred.done/\">deferred.done()</a></code> method to execute a single callback for the animation as a whole when <em>all</em> matching elements have completed their animations ( See the <a href=\"http://api.jquery.com/promise/#example-1\">example for .promise()</a> ).  </p>\n  "}]}