{"name":"toggle","type":"method","title":".toggle()","desc":"Display or hide the matched elements.","categories":["effects/basics","version/1.0","version/1.3","version/1.4.3"],"entries":[{"return":"jQuery","signatures":[{"added":"1.0","xi:include":[{"href":"../includes/duration-argument.xml","xmlns:xi":"http://www.w3.org/2003/XInclude"},{"href":"../includes/complete-argument.xml","xmlns:xi":"http://www.w3.org/2003/XInclude"}]},{"added":"1.0","xi:include":{"href":"../includes/options-argument.xml","xmlns:xi":"http://www.w3.org/2003/XInclude"}},{"added":"1.4.3","xi:include":[{"href":"../includes/duration-argument.xml","xmlns:xi":"http://www.w3.org/2003/XInclude"},{"href":"../includes/easing-argument.xml","xmlns:xi":"http://www.w3.org/2003/XInclude"},{"href":"../includes/complete-argument.xml","xmlns:xi":"http://www.w3.org/2003/XInclude"}]},{"added":"1.3","argument":{"desc":"A Boolean indicating whether to show or hide the elements.","name":"showOrHide","type":"Boolean"}}],"examples":[{"desc":"Toggles all paragraphs.","code":"\n\n$(\"button\").click(function () {\n$(\"p\").toggle();\n});\n","html":"<button>Toggle</button>\n<p>Hello</p>\n<p style=\"display: none\">Good Bye</p>"},{"desc":"Animates all paragraphs to be shown if they are hidden and hidden if they are visible, completing the animation within 600 milliseconds.","code":"\n$(\"button\").click(function () {\n$(\"p\").toggle(\"slow\");\n});\n","css":"\np { background:#dad;\nfont-weight:bold;\nfont-size:16px; }\n","html":"<button>Toggle 'em</button>\n\n<p>Hiya</p>\n<p>Such interesting text, eh?</p>"},{"desc":"Shows all paragraphs, then hides them all, back and forth.","code":"\nvar flip = 0;\n$(\"button\").click(function () {\n$(\"p\").toggle( flip++ % 2 == 0 );\n});\n","html":"<button>Toggle</button>\n<p>Hello</p>\n<p style=\"display: none\">Good Bye</p>"}],"longdesc":"\n    <blockquote>\n      <p>Note: The event handling suite also has a method named <a href=\"http://api.jquery.com/toggle-event/\">.toggle()</a>. Which one is fired depends on the set of arguments passed.</p>\n    </blockquote>\n    <p>With no parameters, the <code>.toggle()</code> method simply toggles the visibility of elements:</p>\n    <pre><code>$('.target').toggle();</code></pre>\n    <p>The matched elements will be revealed or hidden immediately, with no animation, by changing the CSS <code>display</code> property. If the element is initially displayed, it will be hidden; if hidden, it will be shown. The <code>display</code> property is saved and restored as needed. If an element has a <code>display</code> value of <code>inline</code>, then is hidden and shown, it will once again be displayed <code>inline</code>.</p>\n    <p>When a duration, a plain object, or a <em>single</em> \"complete\" function is provided, <code>.toggle()</code> becomes an animation method. The <code>.toggle()</code> method animates the width, height, and opacity of the matched elements simultaneously. When these properties reach 0 after a hiding animation, the <code>display</code> style property is set to <code>none</code> to ensure that the element no longer affects the layout of the page.</p>\n    <p>Durations are given in milliseconds; higher values indicate slower animations, not faster ones. The strings <code>'fast'</code> and <code>'slow'</code> can be supplied to indicate durations of <code>200</code> and <code>600</code> milliseconds, respectively.</p>\n    <p>As of jQuery 1.4.3, an optional string naming an easing function may be used. Easing functions specify the speed at which the animation progresses at different points within the animation. The only easing implementations in the jQuery library are the default, called <code>swing</code>, and one that progresses at a constant pace, called <code>linear</code>. More easing functions are available with the use of plug-ins, most notably the <a href=\"http://jqueryui.com\">jQuery UI suite</a>.</p>\n    <p>If supplied, the callback is fired once the animation is complete. This can be useful for stringing different animations together in sequence. The callback is not sent any arguments, but <code>this</code> is set to the DOM element being animated. If multiple elements are animated, it is important to note that the callback is executed once per matched element, not once for the animation as a whole.</p>\n    <p>We can animate any element, such as a simple image:</p>\n    <pre><code>&lt;div id=\"clickme\"&gt;\n  Click here\n&lt;/div&gt;\n&lt;img id=\"book\" src=\"book.png\" alt=\"\" width=\"100\" height=\"123\" /&gt;\n</code></pre>\n    <p>We will cause <code>.toggle()</code> to be called when another element is clicked:</p>\n    <pre><code>$('#clickme').click(function() {\n  $('#book').toggle('slow', function() {\n    // Animation complete.\n  });\n});\n</code></pre>\n    <p>With the element initially shown, we can hide it slowly with the first click:\n    </p>\n    <p class=\"image four-across\">\n      <img src=\"/resources/0042_06_09.png\" alt=\"\"/>\n      <img src=\"/resources/0042_06_10.png\" alt=\"\"/>\n      <img src=\"/resources/0042_06_11.png\" alt=\"\"/>\n      <img src=\"/resources/0042_06_12.png\" alt=\"\"/>\n    </p>\n    <p>A second click will show the element once again:</p>\n    <p class=\"image four-across\">\n      <img src=\"/resources/0042_06_13.png\" alt=\"\"/>\n      <img src=\"/resources/0042_06_14.png\" alt=\"\"/>\n      <img src=\"/resources/0042_06_15.png\" alt=\"\"/>\n      <img src=\"/resources/0042_06_16.png\" alt=\"\"/>\n    </p>\n    <p>The second version of the method accepts a Boolean parameter. If this parameter is <code>true</code>, then the matched elements are shown; if <code>false</code>, the elements are hidden. In essence, the statement:\n    </p>\n    <pre><code>$('#foo').toggle(showOrHide);</code></pre>\n    <p>is equivalent to:</p>\n    <pre><code>if ( showOrHide == true ) {\n  $('#foo').show();\n} else if ( showOrHide == false ) {\n  $('#foo').hide();\n}\n</code></pre>\n  "}]}