{"name":"visible","type":"selector","title":":visible Selector","desc":"Selects all elements that are visible.","categories":["selectors/jquery-selector-extensions","version/1.0","selectors/visibility-filter-selectors"],"entries":[{"return":"","signatures":{"added":"1.0"},"examples":{"desc":"Make all visible divs turn yellow on click.","code":"\n    $(\"div:visible\").click(function () {\n      $(this).css(\"background\", \"yellow\");\n    });\n    $(\"button\").click(function () {\n      $(\"div:hidden\").show(\"fast\");\n    });\n\n","css":"\n  div { width:50px; height:40px; margin:5px; border:3px outset green; float:left; }\n  .starthidden { display:none; }\n  ","html":"<button>Show hidden to see they don't change</button>\n  <div></div>\n  <div class=\"starthidden\"></div>\n  <div></div>\n\n  <div></div>\n  <div style=\"display:none;\"></div>"},"longdesc":"\n    <p>Elements are considered visible if they consume space in the document. Visible elements have a width or height that is greater than zero.</p>\n    <p>Elements with <code>visibility: hidden</code> or <code>opacity: 0</code> are considered visible, since they still consume space in the layout. During animations that hide an element, the element is considered to be visible until the end of the animation. During animations to show an element, the element is considered to be visible at the start at the animation.</p>\n    <p>How <code>:visible</code> is calculated was changed in jQuery 1.3.2. The <a href=\"http://docs.jquery.com/Release:jQuery_1.3.2#:visible.2F:hidden_Overhauled\">release notes</a> outline the changes in more detail.</p>\n  "}],"slug":"visible-selector"}